KitapAdi,YazarAdi,Kategorisi
SAVAŞ VE BARIŞ,Lev Tolstoy,Klasik
ANNA KARENİNA,Lev Tolstoy,Klasik
SUÇ VE CEZA,Fyodor Dostoyevski,Klasik
KARAMAZOV KARDEŞLER,Fyodor Dostoyevski,Klasik
SEFİLLER,Victor Hugo,Klasik
NOTRE DAME IN KAMBURU,Victor Hugo,Klasik
İKİ ŞEHRİN HİKAYESİ,Charles Dickens,Klasik
BÜYÜK UMUTLAR,Charles Dickens,Klasik
AŞK VE GURUR,Jane Austen,Klasik
EMMA,Jane Austen,Klasik
DON KİŞOT,Miguel de Cervantes,Klasik
MOBY DİCK,Herman Melville,Klasik
MADAM BOVARY,Gustave Flaubert,Klasik
TOM SAWYER IN MACERALARI,Mark Twain,Klasik
UĞULTULU TEPELER,Emily Brontë,Klasik
1984,George Orwell,Roman
HAYVAN ÇİFTLİĞİ,George Orwell,Roman
CESUR YENİ DÜNYA,Aldous Huxley,Roman
DAVA,Franz Kafka,Roman
YABANCI,Albert Camus,Roman
YÜZ YILLIK YALNIZLIK,Gabriel García Márquez,Roman
KAYIP ZAMANIN İZİNDE,Marcel Proust,Roman
MRS. DALLOWAY,Virginia Woolf,Roman
BÜLBÜLÜ ÖLDÜRMEK,Harper Lee,Roman
GAZAP ÜZÜMLERİ,John Steinbeck,Roman
MUHTEŞEM GATSBY,F. Scott Fitzgerald,Roman
SEVİLEN,Toni Morrison,Roman
THİNGS FALL APART,Chinua Achebe,Roman
KARA KİTAP,Orhan Pamuk,Roman
İNCE MEMED,Yaşar Kemal,Roman
FAHRENHEİT 451,Aldous Huxley,Bilim Kurgu
VAKIF,Isaac Asimov,Bilim Kurgu
"BEN, ROBOT",Isaac Asimov,Bilim Kurgu
2001: BİR UZAY DESTANI,Arthur Clarke,Bilim Kurgu
Androidler Elektrikli Koyun Düşler Mi?,Philip Dick,Bilim Kurgu
YÜKSEK ŞATODAKİ ADAM,Philip Dick,Bilim Kurgu
DUNE,Frank Herbert,Bilim Kurgu
DUNE MESİHİ,Frank Herbert,Bilim Kurgu
ZAMAN MAKİNESİ,H.G. Wells,Bilim Kurgu
DÜNYALAR SAVAŞI,H.G. Wells,Bilim Kurgu
SOLARİS,Isaac Asimov,Bilim Kurgu
KIRMIZI MARS,Arthur Clarke,Bilim Kurgu
NEUROMANCER,Philip Dick,Bilim Kurgu
KARANLIĞIN SOL ELİ,Ursula Le Guin,Bilim Kurgu
ÜÇ CİSİM PROBLEMİ,Isaac Asimov,Bilim Kurgu
YÜZÜKLERİN EFENDİSİ,J.R.R. Tolkien,Fantastik
HOBBİT,J.R.R. Tolkien,Fantastik
BUZ VE ATEŞİN ŞARKISI,George Martin,Fantastik
HARRY POTTER VE FELSEFE TAŞI,J.K. Rowling,Fantastik
HARRY POTTER VE ZÜMRÜDÜANKA YOLDAŞLIĞI,J.K. Rowling,Fantastik
YERDENİZ BÜYÜCÜSÜ,Ursula Le Guin,Fantastik
EJDERHA MIZRAĞI EFSANELERİ,Ursula Le Guin,Fantastik
KRAL KATİLİ GÜNCESİ,Frank Herbert,Fantastik
KARANLIK KULE,Stephen King,Fantastik
AMERİCAN GODS,Stephen King,Fantastik
PERCY JACKSON VE OLİMPOSLULAR,J.K. Rowling,Fantastik
ALACAKARANLIK,J.K. Rowling,Fantastik
OZ BÜYÜCÜSÜ,J.R.R. Tolkien,Fantastik
NARNİA GÜNLÜKLERİ,J.R.R. Tolkien,Fantastik
KRALKILIÇ,George Martin,Fantastik
DENİZLER ALTINDA 20.000 FERSAH,Jules Verne,Macera
DÜNYANIN MERKEZİNE YOLCULUK,Jules Verne,Macera
ROBİNSON CRUSOE,Charles Dickens,Macera
TREASURE ISLAND,Mark Twain,Macera
GULLİVER İN GEZİLERİ,Jane Austen,Macera
SHERLOCK HOLMES,Arthur Conan Doyle,Macera
KIRMIZI BALON,Victor Hugo,Macera
ROBİN HOOD,Charles Dickens,Macera
ÜÇ SİLAHŞÖRLER,Victor Hugo,Macera
MONTE CRİSTO KONTU,Victor Hugo,Macera
TOM SAWYER,Mark Twain,Macera
HUCKLEBERRY FİNN,Mark Twain,Macera
KAPTAN GRANT İN ÇOCUKLARI,Jules Verne,Macera
AY A YOLCULUK,Jules Verne,Macera
DA VİNCİ ŞİFRESİ,Dan Brown,Polisiye
MELEKLER VE ŞEYTANLAR,Dan Brown,Polisiye
KAYIP SEMBOL,Dan Brown,Polisiye
CİNAYET ABC Sİ,Agatha Christie,Polisiye
DOĞU EKSPRESİNDE CİNAYET,Agatha Christie,Polisiye
ŞAMPANYA CİNAYETİ,Agatha Christie,Polisiye
BASKERVİLLELERİN KÖPEĞİ,Arthur Conan Doyle,Polisiye
EJDERHA DÖVMELİ KIZ,Stieg Larsson,Polisiye
ATEŞLE OYNAYAN KIZ,Stieg Larsson,Polisiye
REBECCA,Daphne du Maurier,Polisiye
KUŞLAR,Daphne du Maurier,Polisiye
CUJO,Stephen King,Polisiye
DOKTOR SLEEP,Stephen King,Polisiye
KAYIP KIZ,Stephen King,Polisiye
ROMEO VE JULİET,William Shakespeare,Dram
HAMLET,William Shakespeare,Dram
MACBETH,William Shakespeare,Dram
İHTİYAR ADAM VE DENİZ,Ernest Hemingway,Dram
SİLAHLARA VEDA,Ernest Hemingway,Dram
DÖNÜŞÜM,Franz Kafka,Dram
VEBA,Albert Camus,Dram
KIRMIZI PAZARTESİ,Gabriel García Márquez,Dram
DENİZ FENERİ,Virginia Woolf,Dram
ORLANDO,Virginia Woolf,Dram
SES SESE KARŞI,Harper Lee,Dram
FARELER VE İNSANLAR,John Steinbeck,Dram
CENNETİN DOĞUSU,John Steinbeck,Dram
TENDER IS THE NİGHT,F. Scott Fitzgerald,Dram
SULA,Toni Morrison,Dram
"SİLAHLAR, MİKROPLAR VE ÇELİK",Niccolò Machiavelli,Tarih
"TÜFEK, MİKROP VE ÇELİK",Niccolò Machiavelli,Tarih
AMERİKAN HALKININ TARİHİ,Umberto Eco,Tarih
AŞIRILIKLAR ÇAĞI,Simon Singh,Tarih
SAPİENS,Stephen Hawking,Tarih
HOMO DEUS,Stephen Hawking,Tarih
21. YÜZYIL İÇİN 21 DERS,Stephen Hawking,Tarih
İMPARATORLUK,Simon Singh,Tarih
DEVRİM ÇAĞI,Simon Singh,Tarih
SERMAYE ÇAĞI,Simon Singh,Tarih
BÜYÜK SAVAŞ,Simon Singh,Tarih
Roma İmparatorluğu nun Gerileyiş ve Çöküş Tarihi,Maya Angelou,Tarih
DÜNYA TARİHİ,Niccolò Machiavelli,Tarih
1491,Niccolò Machiavelli,Tarih
1493,Niccolò Machiavelli,Tarih
STEVE JOBS,Walter Isaacson,Biyografi
EİNSTEİN,Walter Isaacson,Biyografi
LEONARDO DA VİNCİ,Walter Isaacson,Biyografi
BEN MALALA,Michelle Obama,Biyografi
MALCOLM X,Malcolm X,Biyografi
ANNE FRANK IN HATIRA DEFTERİ,Anne Frank,Biyografi
BİR KUŞUN ŞARKISI,Maya Angelou,Biyografi
HAYATIM,Plutarch ,Biyografi
DÜŞÜNCELER,Marcus Aurelius,Biyografi
SAVAŞ SANATI,Sun Tzu,Biyografi
PRENS,Sun Tzu,Biyografi
GÜLÜN ADI,Sun Tzu,Biyografi
FERMAT NIN SON TEOREMİ,Sun Tzu,Biyografi
KOD KİTABI,Sun Tzu,Biyografi
BÜYÜK KAÇIŞ,Niccolò Machiavelli,Biyografi
BECOMİNG,Michelle Obama,Otobiyografi
THE STORY OF MY EXPERİMENTS WİTH TRUTH,Michelle Obama,Otobiyografi
LONG WALK TO FREEDOM,Michelle Obama,Otobiyografi
I KNOW WHY THE CAGED BİRD SİNGS,Maya Angelou,Otobiyografi
THE AUTOBİOGRAPHY OF BENJAMİN FRANKLİN,Michelle Obama,Otobiyografi
OPEN,Michelle Obama,Otobiyografi
THE DİARY OF A YOUNG GİRL,Anne Frank,Otobiyografi
MY LİFE,Michelle Obama,Otobiyografi
A MOVEABLE FEAST,Ernest Hemingway,Otobiyografi
THE AUTOBİOGRAPHY OF MALCOLM X,Malcolm X,Otobiyografi
BORN A CRİME,Michelle Obama,Otobiyografi
THE STORY OF MY LİFE,Michelle Obama,Otobiyografi
MY BRİEF HİSTORY,Yuval Noah Harari,Otobiyografi
THE YEAR OF MAGİCAL THİNKİNG,Michelle Obama,Otobiyografi
WİLD SWANS,Michelle Obama,Otobiyografi
SAATLERİ AYARLAMA ENSTİTÜSÜ,Lev Tolstoy,Klasik
HUZUR,Lev Tolstoy,Klasik
TUTUNAMAYANLAR,Fyodor Dostoyevski,Klasik
KUYUCAKLI YUSUF,Victor Hugo,Klasik
YILANI ÖLDÜRSELER,Charles Dickens,Klasik
BENİM ADIM KIRMIZI,Jane Austen,Klasik
AŞK,Miguel de Cervantes,Klasik
BABA VE PİÇ,Miguel de Cervantes,Klasik
DOKUZUNCU HARİCİYE KOĞUŞU,Herman Melville,Klasik
YALNIZIZ,Herman Melville,Klasik
ÇALIKUŞU,Gustave Flaubert,Klasik
ACIMAK,Gustave Flaubert,Klasik
AŞK-I MEMNU,Mark Twain,Klasik
MAİ VE SİYAH,Mark Twain,Klasik
LÜZUMSUZ ADAM,Emily Brontë,Klasik
MAHALLE KAHVESİ,Emily Brontë,Klasik
MEMLEKETİMDEN İNSAN MANZARALARI,George Orwell,Klasik
KUVÂYİ MİLLİYE,George Orwell,Klasik
KÜRK MANTOLU MADONNA,Victor Hugo,Roman
SERENAD,J.R.R. Tolkien,Roman
SEVDALİNKA,J.R.R. Tolkien,Roman
İSTANBUL HATIRASI,J.K. Rowling,Roman
BEYOĞLU'NUN EN GÜZEL ABİSİ,J.K. Rowling,Roman
PUSLU KITALAR ATLASI,Ursula Le Guin,Roman
SUSKUNLAR,Ursula Le Guin,Roman
BALIK İZLERİNİN SESİ,Frank Herbert,Roman
UYUMSUZ DEFNE KAMAN'IN MACERALARI,Frank Herbert,Roman
ZİYAN,Jules Verne,Roman
AZİL,Jules Verne,Roman
DUBLÖRÜN DİLEMMASI,H.G. Wells,Roman
AFORİZMALAR,H.G. Wells,Roman
EYLÜL,Dan Brown,Roman
BOMBA,Agatha Christie,Roman
DEVLET ANA,Stieg Larsson,Bilim Kurgu
YORGUN SAVAŞÇI,Stieg Larsson,Bilim Kurgu
ESİR ŞEHİR ÜÇLEMESİ,Stieg Larsson,Bilim Kurgu
ŞU ÇILGIN TÜRKLER,Virginia Woolf,Bilim Kurgu
DİRİLİŞ,Virginia Woolf,Bilim Kurgu
OD,Harper Lee,Bilim Kurgu
MİHMANDAR,Harper Lee,Bilim Kurgu
KATRE-İ MATEM,Harper Lee,Bilim Kurgu
BOZKURTLAR,John Steinbeck,Bilim Kurgu
SON TÜRKÜ,John Steinbeck,Bilim Kurgu
BAB-I ESRAR,J.K. Rowling,Fantastik
KUKLA,J.K. Rowling,Fantastik
SİS VE GECE,J.K. Rowling,Fantastik
AŞK KÖPEKLİKTİR,H.G. Wells,Fantastik
KORKU DUVARI,H.G. Wells,Fantastik
KIRLANGIÇ ÇIĞLIĞI,Marcel Proust,Fantastik
KAYIP TANRILAR ÜLKESİ,Marcel Proust,Fantastik
AMOK KOŞUCUSU,Ursula Le Guin,Macera
GALİZ KAHRAMAN,Jules Verne,Macera
METRO 2023,Jules Verne,Macera
DİJİTAL KALE,Miguel de Cervantes,Macera
RUBAİLER,Aldous Huxley,Polisiye
YERÇEKİMLİ KARANFİL,Isaac Asimov,Polisiye
ÜVERCİNKA,Arthur Clarke,Polisiye
DÜNYANIN EN GÜZEL ARABİSTANI,Philip Dick,Polisiye
BİR DİNOZORUN ANILARI,George Martin,Dram
BİR DİNOZORUN GEZİLERİ,George Martin,Dram
TÜRKAN,George Martin,Dram
NEFES NEFESE,J.R.R. Tolkien,Dram
ADI: AYLİN,George Martin,Dram
UÇAN SINIF,Agatha Christie,Tarih
ŞEKER PORTAKALI,Agatha Christie,Tarih
KÜÇÜK PRENS,Agatha Christie,Tarih
MARTI,Agatha Christie,Tarih
PAL SOKAĞI ÇOCUKLARI,Agatha Christie,Tarih
BEŞ ŞEHİR,Lev Tolstoy,Biyografi
YAZ YAĞMURU,Lev Tolstoy,Biyografi
HÜZÜN VE TESADÜF,Miguel de Cervantes,Biyografi
ŞAİRLERİN HAYATI,Aldous Huxley,Biyografi
İYİ YAZILAR,Emily Brontë,Biyografi
KEŞANLI ALİ DESTANI,Ernest Hemingway,Otobiyografi
OYUNLARLA YAŞAYANLAR,Ernest Hemingway,Otobiyografi
REİS BEY,Ernest Hemingway,Otobiyografi
BİR ÖLÜMÜN TOPLUMSAL ANATOMİSİ,Ernest Hemingway,Otobiyografi
GODOT'YU BEKLERKEN,Ernest Hemingway,Otobiyografi
KAHVE MOLASI,Sinan Engin,Deneme
DÜŞÜNÜRKEN SÖYLENİR,Byung-Chul Han,Deneme
FELSEFE BULVARI,Slavoj Zizek,Deneme
YORGUNLUK TOPLUMU,Byung-Chul Han,Felsefe
ŞEFFAFLIK TOPLUMU,Byung-Chul Han,Felsefe
ŞİDDETİN TOPOLOJİSİ,Slavoj Zizek,Felsefe
KENDİNİ İNŞA ET,Özgür Aras,Kişisel Gelişim
21 GÜN KURALI,Mert Çuhadaroğlu,Kişisel Gelişim
RUTİNİ KIR,Özgür Aras,Kişisel Gelişim
DİJİTAL ÇAĞDA BEYİN,Stephen Hawking,Psikoloji
KAYGI ÇAĞI,Yuval Noah Harari,Psikoloji
MUTLULUK KÜRÜ,Walter Isaacson,Psikoloji
KUMANDAN,Hugh Howey,Distopya
KANAYAN MEVSİM,Octavia Butler,Distopya
SESSİZ ŞEHİR,Stephen King,Distopya
SON BAKIŞ,Ahmet Ümit,Gerilim
KARANLIK ŞİFRE,Agatha Christie,Gerilim
LABİRENT,Stephen King,Gerilim
AŞKIN KIRK KURALI,Elif Şafak,Aşk
GÖLGE AŞK,Ayşe Kulin,Aşk
KALBİN HARİTASI,Zülfü Livaneli,Aşk
SİHİRLİ MATEMATİK,Aytül Akal,Çocuk
GİZEMLİ ORMAN,Mavisel Yener,Çocuk
UÇAN BİSİKLET,J.K. Rowling,Çocuk
ZAMAN BEKÇİLERİ,J.R.R. Tolkien,Gençlik
KOD ADI: MARS,George Martin,Gençlik
SIRLAR ADASI,Ursula Le Guin,Gençlik
ATA DEMİRER’İN GÖZÜNDEN,Ata Demirer,Mizah
KOMİK DÜNYA,Sinan Engin,Mizah
HAYAT BAZEN KOMEDİDİR,Aziz Nesin,Mizah
